planning,exploitation,equity,learning,equality
1,1.53455225478286e-21,1.53455225478286e-21,1.53455225478286e-21,1.53455225478286e-21
