planning,exploitation,equity,learning,equality
1,3.72121308714299e-36,3.72121308714299e-36,3.72121308714299e-36,3.72121308714299e-36
