planning,exploitation,equity,learning,equality
1,3.24475016432183e-33,3.24475016432183e-33,3.24475016432183e-33,3.24475016432183e-33
