planning,exploitation,equity,learning,equality
1,2.50534509055556e-41,2.50534509055556e-41,2.50534509055556e-41,2.50534509055556e-41
